{
  "collapse-filter": false,
  "search": "path:Notes  ",
  "showTags": false,
  "showAttachments": false,
  "hideUnresolved": false,
  "showOrphans": true,
  "collapse-color-groups": false,
  "colorGroups": [
    {
      "query": "tag:#type/person  ",
      "color": {
        "a": 1,
        "rgb": 5396192
      }
    },
    {
      "query": "tag:#type/refinement",
      "color": {
        "a": 1,
        "rgb": 5431387
      }
    }
  ],
  "collapse-display": true,
  "showArrow": false,
  "textFadeMultiplier": 0,
  "nodeSizeMultiplier": 1,
  "lineSizeMultiplier": 1,
  "collapse-forces": true,
  "centerStrength": 0.518713248970312,
  "repelStrength": 10,
  "linkStrength": 1,
  "linkDistance": 250,
  "scale": 1.1840535873752085,
  "close": true
}