{
  "markdown:toggle-preview": [
    {
      "modifiers": [
        "Mod"
      ],
      "key": "E"
    }
  ],
  "templater-obsidian:insert-templater": [
    {
      "modifiers": [
        "Mod"
      ],
      "key": "T"
    }
  ],
  "workspace:new-tab": [],
  "editor:fold-all": [
    {
      "modifiers": [
        "Mod",
        "Shift"
      ],
      "key": "-"
    }
  ],
  "editor:unfold-all": [
    {
      "modifiers": [
        "Mod",
        "Shift"
      ],
      "key": "="
    }
  ],
  "app:toggle-left-sidebar": [
    {
      "modifiers": [
        "Mod"
      ],
      "key": "["
    }
  ],
  "app:toggle-right-sidebar": [
    {
      "modifiers": [
        "Mod"
      ],
      "key": "]"
    }
  ],
  "editor:delete-paragraph": [
    {
      "modifiers": [
        "Mod",
        "Shift"
      ],
      "key": "D"
    }
  ],
  "templater-obsidian:create-new-note-from-template": [
    {
      "modifiers": [
        "Mod",
        "Shift"
      ],
      "key": "N"
    }
  ]
}