{
  "main": {
    "id": "1dde7f46f0afd597",
    "type": "split",
    "children": [
      {
        "id": "c889fb61a6ae3bfb",
        "type": "tabs",
        "children": [
          {
            "id": "be28932ab5e64ee8",
            "type": "leaf",
            "pinned": true,
            "state": {
              "type": "markdown",
              "state": {
                "file": "Journal/01 Daily/2025/11/2025-11-14.md",
                "mode": "source",
                "source": false
              },
              "pinned": true,
              "icon": "lucide-file",
              "title": "2025-11-14"
            }
          },
          {
            "id": "e358728a9e673d24",
            "type": "leaf",
            "state": {
              "type": "markdown",
              "state": {
                "file": "Notes/2025-11-14 Archer Onboarding Support.md",
                "mode": "source",
                "source": false
              },
              "icon": "lucide-file",
              "title": "2025-11-14 Archer Onboarding Support"
            }
          },
          {
            "id": "1bf725c49918f404",
            "type": "leaf",
            "state": {
              "type": "release-notes",
              "state": {
                "currentVersion": "1.10.3"
              },
              "icon": "lucide-book-up",
              "title": "Release Notes 1.10.3"
            }
          },
          {
            "id": "ab63d11813b144b2",
            "type": "leaf",
            "state": {
              "type": "markdown",
              "state": {
                "file": "Journal/01 Daily/2025/11/2025-11-10.md",
                "mode": "source",
                "source": false
              },
              "icon": "lucide-file",
              "title": "2025-11-10"
            }
          },
          {
            "id": "29e01be7ac5f73d1",
            "type": "leaf",
            "state": {
              "type": "markdown",
              "state": {
                "file": "Notes/2025-11-12 Archer Onboarding Support.md",
                "mode": "source",
                "source": false
              },
              "icon": "lucide-file",
              "title": "2025-11-12 Archer Onboarding Support"
            }
          }
        ]
      }
    ],
    "direction": "vertical"
  },
  "left": {
    "id": "8c85dde087cb31cf",
    "type": "split",
    "children": [
      {
        "id": "3f199fef245214a1",
        "type": "tabs",
        "dimension": 66.89723320158103,
        "children": [
          {
            "id": "2911264052344de2",
            "type": "leaf",
            "state": {
              "type": "file-explorer",
              "state": {
                "sortOrder": "alphabetical",
                "autoReveal": false
              },
              "icon": "lucide-folder-closed",
              "title": "Files"
            }
          },
          {
            "id": "205d9088bc6c355e",
            "type": "leaf",
            "state": {
              "type": "search",
              "state": {
                "query": "cypress",
                "matchingCase": false,
                "explainSearch": false,
                "collapseAll": false,
                "extraContext": false,
                "sortOrder": "alphabetical"
              },
              "icon": "lucide-search",
              "title": "Search"
            }
          },
          {
            "id": "c8e0d286b475ba75",
            "type": "leaf",
            "state": {
              "type": "bookmarks",
              "state": {},
              "icon": "lucide-bookmark",
              "title": "Bookmarks"
            }
          }
        ],
        "currentTab": 1
      },
      {
        "id": "61dbd18f6396085e",
        "type": "tabs",
        "dimension": 33.10276679841897,
        "children": [
          {
            "id": "e4e8720fc6393c8e",
            "type": "leaf",
            "pinned": true,
            "state": {
              "type": "markdown",
              "state": {
                "file": "Notes/HOME.md",
                "mode": "preview",
                "source": true
              },
              "pinned": true,
              "icon": "lucide-file",
              "title": "HOME"
            }
          },
          {
            "id": "b77e0edf4b813d7e",
            "type": "leaf",
            "state": {
              "type": "localgraph",
              "state": {
                "file": "Notes/2025-11-14 Archer Onboarding Support.md",
                "options": {
                  "collapse-filter": true,
                  "search": "",
                  "localJumps": 1,
                  "localBacklinks": true,
                  "localForelinks": true,
                  "localInterlinks": false,
                  "showTags": false,
                  "showAttachments": false,
                  "hideUnresolved": false,
                  "collapse-color-groups": true,
                  "colorGroups": [],
                  "collapse-display": true,
                  "showArrow": false,
                  "textFadeMultiplier": 0,
                  "nodeSizeMultiplier": 1,
                  "lineSizeMultiplier": 1,
                  "collapse-forces": true,
                  "centerStrength": 0.518713248970312,
                  "repelStrength": 10,
                  "linkStrength": 1,
                  "linkDistance": 250,
                  "scale": 1,
                  "close": true
                }
              },
              "icon": "lucide-git-fork",
              "title": "Graph of 2025-11-14 Archer Onboarding Support"
            }
          }
        ],
        "currentTab": 1
      }
    ],
    "direction": "horizontal",
    "width": 281.5,
    "collapsed": true
  },
  "right": {
    "id": "3d614cee6e24f24e",
    "type": "split",
    "children": [
      {
        "id": "2ee85304630efc16",
        "type": "tabs",
        "children": [
          {
            "id": "6d07604d96261d33",
            "type": "leaf",
            "state": {
              "type": "journal-calendar",
              "state": {},
              "icon": "calendar-days",
              "title": "Calendar"
            }
          },
          {
            "id": "bb89b36d412f656f",
            "type": "leaf",
            "state": {
              "type": "backlink",
              "state": {
                "file": "Notes/Action Items.md",
                "collapseAll": false,
                "extraContext": false,
                "sortOrder": "alphabetical",
                "showSearch": false,
                "searchQuery": "",
                "backlinkCollapsed": false,
                "unlinkedCollapsed": true
              },
              "icon": "links-coming-in",
              "title": "Backlinks for Action Items"
            }
          },
          {
            "id": "b4ea5c74e896da14",
            "type": "leaf",
            "state": {
              "type": "outgoing-link",
              "state": {
                "file": "Notes/Action Items.md",
                "linksCollapsed": false,
                "unlinkedCollapsed": true
              },
              "icon": "links-going-out",
              "title": "Outgoing links from Action Items"
            }
          },
          {
            "id": "d297407e7761bf0f",
            "type": "leaf",
            "state": {
              "type": "tag",
              "state": {
                "sortOrder": "frequency",
                "useHierarchy": true,
                "showSearch": false,
                "searchQuery": ""
              },
              "icon": "lucide-tags",
              "title": "Tags"
            }
          },
          {
            "id": "3f81d2efe3ce51ae",
            "type": "leaf",
            "state": {
              "type": "outline",
              "state": {
                "file": "Notes/Action Items.md",
                "followCursor": false,
                "showSearch": false,
                "searchQuery": ""
              },
              "icon": "lucide-list",
              "title": "Outline of Action Items"
            }
          }
        ]
      },
      {
        "id": "371dfd5a40e16dff",
        "type": "tabs",
        "children": [
          {
            "id": "e1a7db2614b4c392",
            "type": "leaf",
            "pinned": true,
            "state": {
              "type": "markdown",
              "state": {
                "file": "Notes/Focus Dashboard.md",
                "mode": "source",
                "source": false
              },
              "pinned": true,
              "icon": "lucide-file",
              "title": "Focus Dashboard"
            }
          }
        ]
      }
    ],
    "direction": "horizontal",
    "width": 489.5
  },
  "left-ribbon": {
    "hiddenItems": {
      "daily-notes:Open today's daily note": true,
      "templates:Insert template": true,
      "bases:Create new base": true,
      "peerdraft:Show my Peerdraft Shares": true,
      "switcher:Open quick switcher": true,
      "canvas:Create new canvas": false,
      "graph:Open graph view": false,
      "command-palette:Open command palette": true,
      "templater-obsidian:Templater": true,
      "callout-manager:Insert Callout": false,
      "obsidian-excalidraw-plugin:Create new drawing": false,
      "workspaces:Manage workspace layouts": true,
      "workspaces-plus:Manage workspaces": false
    }
  },
  "active": "be28932ab5e64ee8",
  "lastOpenFiles": [
    "Extras/core-plugins_json.md",
    "Extras/core-plugins-migration_json.md",
    "Extras/community-plugins_json.md",
    "Extras/core-plugins.json",
    "Extras/core-plugins-migration.json",
    "Extras/community-plugins.json",
    "Extras/dotobsidian.txt",
    "Journal/01 Daily/2025/11/2025-11-10.md",
    "Journal/01 Daily/2025/11/2025-11-14.md",
    "Notes/2025-11-14 Archer Onboarding Support.md",
    "Notes/2025-11-12 Archer Onboarding Support.md",
    "Notes/2025-11-14 Standup.md",
    "Notes/2025-11-14 sync with Kalpan.md",
    "Journal/01 Daily/2025/11/2025-11-12.md",
    "Notes/2025-11-12 Sync with Tanya v2.md",
    "Notes/Steven Fleming.md",
    "Journal/01 Daily/2025/11/2025-11-13.md",
    "Notes/2025-11-13 Standup.md",
    "Notes/Systems Access & App Install.md",
    "Journal/01 Daily/2025/11/2025-11-11.md",
    "Notes/2025-11-12 Christy Rose.md",
    "Extras/Templates/Template - 1-on-1.md",
    "Notes/Focus Dashboard.md",
    "Notes/Dalian Banks.md",
    "Notes/Jeffery Bourke.md",
    "Notes/2025-11-12 Standup.md",
    "Notes/2025-11-12 Sync with Tanya.md",
    "Notes/2025-11-11 Sync with Dalian.md",
    "Notes/Tanya Kumpawat.md",
    "Notes/2025-11-10 Archer Onboarding Support.md",
    "Journal/02 Weekly/2025/11",
    "Journal/02 Weekly/2025",
    "Notes/Org Chart.canvas",
    "Meetings.base",
    "Areas of Focus.base",
    "Projects.base",
    "Journal/01 Daily/2024/08",
    "Attachments/Pasted image 20240228174539.png",
    "Attachments/Pasted image 20240303161339.png",
    "Attachments/Pasted image 20240721210642.png",
    "Attachments/Pasted image 20241215091921.png",
    "Attachments/Pasted image 20241215091853.png",
    "Attachments/Pasted image 20241215091743.png",
    "Attachments/Pasted image 20241215091504.png",
    "Attachments/Pasted image 20241215091438.png",
    "Attachments/Pasted image 20241215091319.png",
    "Peerdraft Test/Collaboration folder with Person B/Canvas 1.canvas",
    "Peerdraft Test/Colab with Version/Dee Canva.canvas",
    "Peerdraft Test/_peerdraft_d31e4e_Colab with Version/Untitled.canvas",
    "Peerdraft Test/Colab with Version/Untitled.canvas",
    "Peerdraft test 1/This is awesome!!!.canvas",
    "Attachments/Pasted image 20241211135542.png"
  ]
}