{
  "workspaces": {
    "Articles Workspace": {
      "main": {
        "id": "1dde7f46f0afd597",
        "type": "split",
        "children": [
          {
            "id": "decc3e8a25841e34",
            "type": "tabs",
            "children": [
              {
                "id": "30cfa94a9c9c30e6",
                "type": "leaf",
                "state": {
                  "type": "markdown",
                  "state": {
                    "file": "Notes/Obsidian Articles.md",
                    "mode": "preview",
                    "source": true
                  }
                }
              },
              {
                "id": "30b0189bb4448a83",
                "type": "leaf",
                "state": {
                  "type": "markdown",
                  "state": {
                    "file": "Notes/Article - Using workspaces and pinning in Obsidian.md",
                    "mode": "preview",
                    "source": true
                  }
                }
              }
            ],
            "currentTab": 1
          }
        ],
        "direction": "vertical"
      },
      "left": {
        "id": "8c85dde087cb31cf",
        "type": "split",
        "children": [
          {
            "id": "3f199fef245214a1",
            "type": "tabs",
            "children": [
              {
                "id": "2911264052344de2",
                "type": "leaf",
                "state": {
                  "type": "file-explorer",
                  "state": {
                    "sortOrder": "alphabetical"
                  }
                }
              },
              {
                "id": "205d9088bc6c355e",
                "type": "leaf",
                "state": {
                  "type": "search",
                  "state": {
                    "query": "",
                    "matchingCase": false,
                    "explainSearch": false,
                    "collapseAll": false,
                    "extraContext": false,
                    "sortOrder": "alphabetical"
                  }
                }
              },
              {
                "id": "c8e0d286b475ba75",
                "type": "leaf",
                "state": {
                  "type": "bookmarks",
                  "state": {}
                }
              }
            ]
          }
        ],
        "direction": "horizontal",
        "width": 200
      },
      "right": {
        "id": "3d614cee6e24f24e",
        "type": "split",
        "children": [
          {
            "id": "2ee85304630efc16",
            "type": "tabs",
            "children": [
              {
                "id": "6d07604d96261d33",
                "type": "leaf",
                "state": {
                  "type": "journal-calendar",
                  "state": {}
                }
              },
              {
                "id": "bb89b36d412f656f",
                "type": "leaf",
                "state": {
                  "type": "backlink",
                  "state": {
                    "file": "Notes/Article - Using workspaces and pinning in Obsidian.md",
                    "collapseAll": false,
                    "extraContext": false,
                    "sortOrder": "alphabetical",
                    "showSearch": false,
                    "searchQuery": "",
                    "backlinkCollapsed": false,
                    "unlinkedCollapsed": true
                  }
                }
              },
              {
                "id": "b4ea5c74e896da14",
                "type": "leaf",
                "state": {
                  "type": "outgoing-link",
                  "state": {
                    "file": "Notes/Article - Using workspaces and pinning in Obsidian.md",
                    "linksCollapsed": false,
                    "unlinkedCollapsed": true
                  }
                }
              },
              {
                "id": "d297407e7761bf0f",
                "type": "leaf",
                "state": {
                  "type": "tag",
                  "state": {
                    "sortOrder": "frequency",
                    "useHierarchy": true
                  }
                }
              },
              {
                "id": "3f81d2efe3ce51ae",
                "type": "leaf",
                "state": {
                  "type": "outline",
                  "state": {
                    "file": "Notes/Article - Using workspaces and pinning in Obsidian.md"
                  }
                }
              }
            ],
            "currentTab": 4
          }
        ],
        "direction": "horizontal",
        "width": 387.5
      },
      "left-ribbon": {
        "hiddenItems": {
          "switcher:Open quick switcher": false,
          "graph:Open graph view": false,
          "canvas:Create new canvas": false,
          "command-palette:Open command palette": false,
          "templater-obsidian:Templater": false,
          "callout-manager:Insert Callout": false,
          "obsidian-excalidraw-plugin:Create new drawing": false,
          "workspaces:Manage workspace layouts": false
        }
      },
      "active": "30b0189bb4448a83",
      "mtime": "2024-10-01T21:12:09+02:00",
      "workspaces-plus:settings-v1": {}
    },
    "Work Workspace": {
      "main": {
        "id": "1dde7f46f0afd597",
        "type": "split",
        "children": [
          {
            "id": "af80e5d9c9235c7c",
            "type": "tabs",
            "children": [
              {
                "id": "256cebed9025afb7",
                "type": "leaf",
                "state": {
                  "type": "markdown",
                  "state": {
                    "file": "Notes/Project MOC.md",
                    "mode": "preview",
                    "source": true
                  }
                }
              },
              {
                "id": "75f8391d9807593f",
                "type": "leaf",
                "state": {
                  "type": "markdown",
                  "state": {
                    "file": "Notes/Task MOC.md",
                    "mode": "source",
                    "source": true
                  }
                }
              },
              {
                "id": "a7631572643d0f14",
                "type": "leaf",
                "state": {
                  "type": "markdown",
                  "state": {
                    "file": "Notes/Meeting MOC.md",
                    "mode": "preview",
                    "source": true
                  }
                }
              }
            ],
            "currentTab": 2
          }
        ],
        "direction": "vertical"
      },
      "left": {
        "id": "8c85dde087cb31cf",
        "type": "split",
        "children": [
          {
            "id": "3f199fef245214a1",
            "type": "tabs",
            "dimension": 50.43394406943106,
            "children": [
              {
                "id": "2911264052344de2",
                "type": "leaf",
                "state": {
                  "type": "file-explorer",
                  "state": {
                    "sortOrder": "alphabetical"
                  }
                }
              },
              {
                "id": "205d9088bc6c355e",
                "type": "leaf",
                "state": {
                  "type": "search",
                  "state": {
                    "query": "",
                    "matchingCase": false,
                    "explainSearch": false,
                    "collapseAll": false,
                    "extraContext": false,
                    "sortOrder": "alphabetical"
                  }
                }
              },
              {
                "id": "c8e0d286b475ba75",
                "type": "leaf",
                "state": {
                  "type": "bookmarks",
                  "state": {}
                }
              }
            ]
          },
          {
            "id": "61dbd18f6396085e",
            "type": "tabs",
            "dimension": 49.56605593056894,
            "children": [
              {
                "id": "e4e8720fc6393c8e",
                "type": "leaf",
                "pinned": true,
                "state": {
                  "type": "markdown",
                  "state": {
                    "file": "Notes/HOME.md",
                    "mode": "preview",
                    "source": true
                  },
                  "pinned": true
                }
              }
            ]
          }
        ],
        "direction": "horizontal",
        "width": 457.5
      },
      "right": {
        "id": "3d614cee6e24f24e",
        "type": "split",
        "children": [
          {
            "id": "2ee85304630efc16",
            "type": "tabs",
            "children": [
              {
                "id": "6d07604d96261d33",
                "type": "leaf",
                "state": {
                  "type": "journal-calendar",
                  "state": {}
                }
              },
              {
                "id": "bb89b36d412f656f",
                "type": "leaf",
                "state": {
                  "type": "backlink",
                  "state": {
                    "file": "Notes/Project MOC.md",
                    "collapseAll": false,
                    "extraContext": false,
                    "sortOrder": "alphabetical",
                    "showSearch": false,
                    "searchQuery": "",
                    "backlinkCollapsed": false,
                    "unlinkedCollapsed": true
                  }
                }
              },
              {
                "id": "b4ea5c74e896da14",
                "type": "leaf",
                "state": {
                  "type": "outgoing-link",
                  "state": {
                    "file": "Notes/Project MOC.md",
                    "linksCollapsed": false,
                    "unlinkedCollapsed": true
                  }
                }
              },
              {
                "id": "d297407e7761bf0f",
                "type": "leaf",
                "state": {
                  "type": "tag",
                  "state": {
                    "sortOrder": "frequency",
                    "useHierarchy": true
                  }
                }
              },
              {
                "id": "3f81d2efe3ce51ae",
                "type": "leaf",
                "state": {
                  "type": "outline",
                  "state": {
                    "file": "Notes/Project MOC.md"
                  }
                }
              }
            ]
          },
          {
            "id": "371dfd5a40e16dff",
            "type": "tabs",
            "children": [
              {
                "id": "13d26e97c00536ae",
                "type": "leaf",
                "pinned": true,
                "state": {
                  "type": "markdown",
                  "state": {
                    "file": "Notes/Last Modified.md",
                    "mode": "preview",
                    "source": true
                  },
                  "pinned": true
                }
              }
            ]
          }
        ],
        "direction": "horizontal",
        "width": 387.5
      },
      "left-ribbon": {
        "hiddenItems": {
          "switcher:Open quick switcher": false,
          "graph:Open graph view": false,
          "canvas:Create new canvas": false,
          "command-palette:Open command palette": false,
          "templater-obsidian:Templater": false,
          "callout-manager:Insert Callout": false,
          "obsidian-excalidraw-plugin:Create new drawing": false,
          "workspaces:Manage workspace layouts": false
        }
      },
      "active": "6d07604d96261d33",
      "mtime": "2024-10-01T21:11:31+02:00",
      "workspaces-plus:settings-v1": {}
    },
    "Home Workspace": {
      "main": {
        "id": "1dde7f46f0afd597",
        "type": "split",
        "children": [
          {
            "id": "c889fb61a6ae3bfb",
            "type": "tabs",
            "children": [
              {
                "id": "83ed44e4306cff58",
                "type": "leaf",
                "pinned": true,
                "state": {
                  "type": "markdown",
                  "state": {
                    "file": "Journal/01 Daily/2025/11/2025-11-05.md",
                    "mode": "source",
                    "source": false
                  },
                  "pinned": true,
                  "icon": "lucide-file",
                  "title": "2025-11-05"
                }
              }
            ]
          }
        ],
        "direction": "vertical"
      },
      "left": {
        "id": "8c85dde087cb31cf",
        "type": "split",
        "children": [
          {
            "id": "3f199fef245214a1",
            "type": "tabs",
            "dimension": 66.89723320158103,
            "children": [
              {
                "id": "2911264052344de2",
                "type": "leaf",
                "state": {
                  "type": "file-explorer",
                  "state": {
                    "sortOrder": "alphabetical",
                    "autoReveal": false
                  },
                  "icon": "lucide-folder-closed",
                  "title": "Files"
                }
              },
              {
                "id": "205d9088bc6c355e",
                "type": "leaf",
                "state": {
                  "type": "search",
                  "state": {
                    "query": "",
                    "matchingCase": false,
                    "explainSearch": false,
                    "collapseAll": false,
                    "extraContext": false,
                    "sortOrder": "alphabetical"
                  },
                  "icon": "lucide-search",
                  "title": "Search"
                }
              },
              {
                "id": "c8e0d286b475ba75",
                "type": "leaf",
                "state": {
                  "type": "bookmarks",
                  "state": {},
                  "icon": "lucide-bookmark",
                  "title": "Bookmarks"
                }
              }
            ]
          },
          {
            "id": "61dbd18f6396085e",
            "type": "tabs",
            "dimension": 33.10276679841897,
            "children": [
              {
                "id": "e4e8720fc6393c8e",
                "type": "leaf",
                "pinned": true,
                "state": {
                  "type": "markdown",
                  "state": {
                    "file": "Notes/HOME.md",
                    "mode": "preview",
                    "source": true
                  },
                  "pinned": true,
                  "icon": "lucide-file",
                  "title": "HOME"
                }
              },
              {
                "id": "b77e0edf4b813d7e",
                "type": "leaf",
                "state": {
                  "type": "localgraph",
                  "state": {
                    "file": "Journal/01 Daily/2025/11/2025-11-05.md",
                    "options": {
                      "collapse-filter": true,
                      "search": "",
                      "localJumps": 1,
                      "localBacklinks": true,
                      "localForelinks": true,
                      "localInterlinks": false,
                      "showTags": false,
                      "showAttachments": false,
                      "hideUnresolved": false,
                      "collapse-color-groups": true,
                      "colorGroups": [],
                      "collapse-display": true,
                      "showArrow": false,
                      "textFadeMultiplier": 0,
                      "nodeSizeMultiplier": 1,
                      "lineSizeMultiplier": 1,
                      "collapse-forces": true,
                      "centerStrength": 0.518713248970312,
                      "repelStrength": 10,
                      "linkStrength": 1,
                      "linkDistance": 250,
                      "scale": 1,
                      "close": true
                    }
                  },
                  "icon": "lucide-git-fork",
                  "title": "Graph of 2025-11-05"
                }
              }
            ],
            "currentTab": 1
          }
        ],
        "direction": "horizontal",
        "width": 200
      },
      "right": {
        "id": "3d614cee6e24f24e",
        "type": "split",
        "children": [
          {
            "id": "2ee85304630efc16",
            "type": "tabs",
            "children": [
              {
                "id": "6d07604d96261d33",
                "type": "leaf",
                "state": {
                  "type": "journal-calendar",
                  "state": {},
                  "icon": "calendar-days",
                  "title": "Calendar"
                }
              },
              {
                "id": "bb89b36d412f656f",
                "type": "leaf",
                "state": {
                  "type": "backlink",
                  "state": {
                    "file": "Notes/Action Items.md",
                    "collapseAll": false,
                    "extraContext": false,
                    "sortOrder": "alphabetical",
                    "showSearch": false,
                    "searchQuery": "",
                    "backlinkCollapsed": false,
                    "unlinkedCollapsed": true
                  },
                  "icon": "links-coming-in",
                  "title": "Backlinks for Action Items"
                }
              },
              {
                "id": "b4ea5c74e896da14",
                "type": "leaf",
                "state": {
                  "type": "outgoing-link",
                  "state": {
                    "file": "Notes/Action Items.md",
                    "linksCollapsed": false,
                    "unlinkedCollapsed": true
                  },
                  "icon": "links-going-out",
                  "title": "Outgoing links from Action Items"
                }
              },
              {
                "id": "d297407e7761bf0f",
                "type": "leaf",
                "state": {
                  "type": "tag",
                  "state": {
                    "sortOrder": "frequency",
                    "useHierarchy": true,
                    "showSearch": false,
                    "searchQuery": ""
                  },
                  "icon": "lucide-tags",
                  "title": "Tags"
                }
              },
              {
                "id": "3f81d2efe3ce51ae",
                "type": "leaf",
                "state": {
                  "type": "outline",
                  "state": {
                    "file": "Notes/Action Items.md",
                    "followCursor": false,
                    "showSearch": false,
                    "searchQuery": ""
                  },
                  "icon": "lucide-list",
                  "title": "Outline of Action Items"
                }
              }
            ]
          },
          {
            "id": "371dfd5a40e16dff",
            "type": "tabs",
            "children": [
              {
                "id": "e1a7db2614b4c392",
                "type": "leaf",
                "pinned": true,
                "state": {
                  "type": "markdown",
                  "state": {
                    "file": "Notes/Focus Dashboard.md",
                    "mode": "source",
                    "source": false
                  },
                  "pinned": true,
                  "icon": "lucide-file",
                  "title": "Focus Dashboard"
                }
              }
            ]
          }
        ],
        "direction": "horizontal",
        "width": 387.5
      },
      "left-ribbon": {
        "hiddenItems": {
          "daily-notes:Open today's daily note": true,
          "workspaces-plus:Manage workspaces": false,
          "templates:Insert template": true,
          "bases:Create new base": true,
          "peerdraft:Show my Peerdraft Shares": true,
          "switcher:Open quick switcher": true,
          "canvas:Create new canvas": false,
          "graph:Open graph view": false,
          "command-palette:Open command palette": true,
          "templater-obsidian:Templater": true,
          "callout-manager:Insert Callout": false,
          "obsidian-excalidraw-plugin:Create new drawing": false,
          "workspaces:Manage workspace layouts": true
        }
      },
      "active": "2911264052344de2",
      "mtime": "2025-11-05T13:48:15-05:00",
      "workspaces-plus:settings-v1": {
        "explorerFoldState": [
          "Journal/01 Daily",
          "Journal/02 Weekly",
          "Journal/03 Monthly",
          "Journal/04 Quarterly",
          "Journal/05 Yearly"
        ]
      }
    }
  },
  "active": "Home Workspace"
}